{
  "baseFontSize": 22,
  "translucency": false,
  "cssTheme": "ITS Theme",
  "theme": "obsidian",
  "enabledCssSnippets": [
    "vertical lines of list-2",
    "speech bubbles-2",
    "popup",
    "metadata",
    "readable line length",
    "horizontal dataview",
    "custom-admonitions.5cb212",
    "custom-admonitions.170d04",
    "Sidebar",
    "hr lines",
    "Typography",
    "Theme Changes",
    "Horizontal Lists",
    "Kanban",
    "MCL Multi Column",
    "MCL Wide Views",
    "Hover Popup",
    "MCL Gallery Cards",
    "New Cards",
    "Metadata",
    "Info Box",
    "collums",
    "StolenBase",
    "Dashboard",
    "Images",
    "test",
    "Tabs",
    "Columns",
    "Callouts",
    "Cards",
    "Buttons",
    "Embed Adjustments",
    "Image Adjustments",
    "Prism Theme Edits",
    "Tables",
    "Popup",
    "NPC Toggle",
    "Modal Form",
    "Lists",
    "custom-admonitions.4881ba",
    "input-w-hp",
    "half-line"
  ],
  "baseFontSizeAction": false,
  "accentColor": "#2190a6",
  "showViewHeader": true,
  "nativeMenus": false,
  "monospaceFontFamily": "Fira Code",
  "textFontFamily": ""
}