{
  "collapse-filter": true,
  "search": "-path:Assets",
  "showTags": true,
  "showAttachments": false,
  "hideUnresolved": true,
  "showOrphans": false,
  "collapse-color-groups": true,
  "colorGroups": [
    {
      "query": "path:\"Compendium/Lore\"",
      "color": {
        "a": 1,
        "rgb": 14701138
      }
    },
    {
      "query": "path:\"Compendium/Party/Player Characters\"",
      "color": {
        "a": 1,
        "rgb": 14725458
      }
    },
    {
      "query": "path:\"Session Notes\"",
      "color": {
        "a": 1,
        "rgb": 16777215
      }
    },
    {
      "query": "path:\"Compendium/Atlas\"",
      "color": {
        "a": 1,
        "rgb": 5431378
      }
    },
    {
      "query": "path:\"Compendium/NPC's\" ",
      "color": {
        "a": 1,
        "rgb": 5431473
      }
    },
    {
      "query": "path:Compendium/Party/Quests",
      "color": {
        "a": 1,
        "rgb": 10965728
      }
    }
  ],
  "collapse-display": false,
  "showArrow": false,
  "textFadeMultiplier": 0,
  "nodeSizeMultiplier": 1,
  "lineSizeMultiplier": 1,
  "collapse-forces": true,
  "centerStrength": 0.518713248970312,
  "repelStrength": 10,
  "linkStrength": 1,
  "linkDistance": 250,
  "scale": 0.2736089786441391,
  "close": true
}