{
  "obsidian-icons-plugin:open-icons-plugin-modal": [
    {
      "modifiers": [
        "Alt",
        "Mod"
      ],
      "key": "I"
    }
  ],
  "obsidian-icon-folder:iconize:set-icon-for-file": [
    {
      "modifiers": [
        "Mod",
        "Shift"
      ],
      "key": "J"
    }
  ],
  "dataview:dataview-force-refresh-views": [
    {
      "modifiers": [
        "Mod"
      ],
      "key": "R"
    }
  ],
  "file-explorer:new-file-in-new-pane": [],
  "note-refactor-obsidian:app:split-note-first-line": [
    {
      "modifiers": [
        "Mod",
        "Shift"
      ],
      "key": "W"
    }
  ],
  "note-refactor-obsidian:app:extract-selection-first-line": [],
  "workspace:close-window": [],
  "editor:set-heading-3": [
    {
      "modifiers": [
        "Alt",
        "Shift"
      ],
      "key": "W"
    }
  ]
}