{
  "main": {
    "id": "c530face6c21a68a",
    "type": "split",
    "children": [
      {
        "id": "0fc7504e02f6b074",
        "type": "tabs",
        "children": [
          {
            "id": "4de3359dd649f683",
            "type": "leaf",
            "state": {
              "type": "markdown",
              "state": {
                "file": "README.md",
                "mode": "source",
                "backlinks": false,
                "source": true
              }
            }
          },
          {
            "id": "9e8a8820cf9314a6",
            "type": "leaf",
            "state": {
              "type": "markdown",
              "state": {
                "file": "README.md",
                "mode": "source",
                "backlinks": false,
                "source": true
              }
            }
          }
        ]
      }
    ],
    "direction": "vertical"
  },
  "left": {
    "id": "a0f9c0e9714a9650",
    "type": "split",
    "children": [
      {
        "id": "ec977c9092a10bf2",
        "type": "tabs",
        "children": [
          {
            "id": "e493bc2564fcbecb",
            "type": "leaf",
            "state": {
              "type": "file-explorer",
              "state": {
                "sortOrder": "alphabetical"
              }
            }
          }
        ]
      }
    ],
    "direction": "horizontal",
    "width": 312.5
  },
  "right": {
    "id": "cbcc3a597fb0833b",
    "type": "split",
    "children": [
      {
        "id": "36fb3699cc5e9295",
        "type": "tabs",
        "dimension": 51.73144876325089,
        "children": [
          {
            "id": "905eaef49314cf1d",
            "type": "leaf",
            "state": {
              "type": "DICE_ROLLER_VIEW",
              "state": {}
            }
          },
          {
            "id": "8200ec29c3f61602",
            "type": "leaf",
            "state": {
              "type": "all-properties",
              "state": {
                "sortOrder": "frequency",
                "showSearch": false,
                "searchQuery": ""
              }
            }
          },
          {
            "id": "30e094c815dbc509",
            "type": "leaf",
            "state": {
              "type": "advanced-tables-toolbar",
              "state": {}
            }
          },
          {
            "id": "98fd04cdba736a7b",
            "type": "leaf",
            "state": {
              "type": "file-properties",
              "state": {
                "file": "README.md"
              }
            }
          }
        ],
        "currentTab": 3
      },
      {
        "id": "1f6fc3dcaa6b4b26",
        "type": "tabs",
        "dimension": 48.26855123674912,
        "children": [
          {
            "id": "37992ec5383e3e3d",
            "type": "leaf",
            "state": {
              "type": "tag",
              "state": {
                "sortOrder": "frequency",
                "useHierarchy": false
              }
            }
          },
          {
            "id": "5313bc1a958e6408",
            "type": "leaf",
            "state": {
              "type": "search",
              "state": {
                "query": "5econdition",
                "matchingCase": false,
                "explainSearch": false,
                "collapseAll": true,
                "extraContext": false,
                "sortOrder": "alphabetical"
              }
            }
          },
          {
            "id": "f0a8a458c094cb80",
            "type": "leaf",
            "state": {
              "type": "backlink",
              "state": {
                "file": "README.md",
                "collapseAll": false,
                "extraContext": false,
                "sortOrder": "alphabetical",
                "showSearch": false,
                "searchQuery": "",
                "backlinkCollapsed": true,
                "unlinkedCollapsed": true
              }
            }
          }
        ],
        "currentTab": 2
      }
    ],
    "direction": "horizontal",
    "width": 522.5,
    "collapsed": true
  },
  "left-ribbon": {
    "hiddenItems": {
      "command-palette:Open command palette": false,
      "modalforms:Edit forms": false,
      "templater-obsidian:Templater": false,
      "obsidian-custom-frames:Open Alf Center": false,
      "dbfolder:Create a new database table": false,
      "table-editor-obsidian:Advanced Tables Toolbar": false,
      "obsidian-kanban:Create new board": false,
      "markdown-table-editor:Open Markdown Table Editor": false
    }
  },
  "active": "4de3359dd649f683",
  "lastOpenFiles": [
    "Character/Quick Sheet.md",
    "README.md",
    "Assets/OtherReference/Template/Spells Callouts.md",
    "Assets/SRD_2014/Character Options/Spells/Spell Lists.md",
    "Assets/SRD_2014/Character Options/Spells 1.md",
    "Assets/SRD_2014/Character Options/Spells.md",
    "Notes/Notes.md",
    "Assets/SRD_2014/Treasures/Treasure (Alt)/Magic Items Y.md",
    "Assets/SRD_2014/Treasures/Treasure (Alt)/Magic Items Z.md",
    "Assets/SRD_2014/Treasures/Treasure (Alt)/Magic Items V.md",
    "Assets/SRD_2014/Treasures/Treasure (Alt)/Magic Items X.md",
    "Assets/SRD_2014/Treasures/Treasure (Alt)/Magic Items W.md",
    "Assets/SRD_2014/Treasures/Treasure (Alt)/Magic Items U.md",
    "Assets/SRD_2014/Treasures/Treasure (Alt)/Magic Items T.md",
    "Assets/SRD_2014/Treasures/Treasure (Alt)/Magic Items S.md",
    "Assets/SRD_2014/Treasures/Treasure (Alt)/Magic Items R.md",
    "Assets/SRD_2014/Treasures/Treasure (Alt)/Magic Items Q.md",
    "Assets/SRD_2014/Treasures/Treasure (Alt)/Magic Items P.md",
    "Assets/SRD_2014/Treasures/Treasure (Alt)/Magic Items O.md",
    "Assets/SRD_2014/Treasures/Treasure (Alt)/Magic Items N.md",
    "Assets/SRD_2014/Treasures/Treasure (Alt)/Magic Items M.md",
    "Assets/SRD_2014/Treasures/Treasure (Alt)/Magic Items L.md",
    "Assets/SRD_2014/Treasures/Treasure (Alt)/Magic Items K.md",
    "Assets/SRD_2014/Treasures/Treasure (Alt)/Magic Items J.md",
    "Assets/SRD_2014/Treasures/Treasure (Alt)/Magic Items H.md",
    "Assets/SRD_2014/Treasures/Treasure (Alt)/Magic Items I.md",
    "Assets/SRD_2014/Treasures/Treasure (Alt)",
    "Assets/SRD_2014/Playing the Game/Gamemastering",
    "Scanned Document.pdf",
    "Alf",
    "Alf",
    "half-line.css",
    "Assets/SRD_2014/Books/WotC",
    "Assets/SRD/Books/untitled folder",
    "input-w-hp.css",
    "Assets/OtherReference/Template",
    "Vikings.assets/Image_jpeg_preview.png",
    "Vikings.assets/IMG_0026.jpeg",
    "Vikings.assets/Image (7).jpeg",
    "Vikings.assets/Image (7)_jpeg_preview.png",
    "Vikings.assets/Image.jpeg",
    "Vikings.assets/Image (6).jpeg",
    "Vikings.assets/Image (5)_jpeg_preview.png",
    "Vikings.assets/Image (6)_jpeg_preview.png",
    "Vikings.assets/Image (4)_jpeg_preview.png",
    "Vikings.assets/Image (4).jpeg"
  ]
}