{
  "main": {
    "id": "679d1e21972cb5dc",
    "type": "split",
    "children": [
      {
        "id": "32d45f831778e17b",
        "type": "tabs",
        "children": [
          {
            "id": "63ca22958006ebe7",
            "type": "leaf",
            "state": {
              "type": "markdown",
              "state": {
                "file": "Alf/Alf Quick Sheet.md",
                "mode": "preview",
                "backlinks": false,
                "source": true
              }
            }
          }
        ]
      }
    ],
    "direction": "vertical"
  },
  "left": {
    "id": "387613e79e6b63d8",
    "type": "mobile-drawer",
    "children": [
      {
        "id": "2399d36c985e97e2",
        "type": "leaf",
        "state": {
          "type": "file-explorer",
          "state": {
            "sortOrder": "alphabetical"
          }
        }
      },
      {
        "id": "cc8c49b3b9d383ac",
        "type": "leaf",
        "state": {
          "type": "search",
          "state": {
            "query": "path:\"Assets/SRD/Books/XGE\" spells",
            "matchingCase": true,
            "explainSearch": false,
            "collapseAll": false,
            "extraContext": false,
            "sortOrder": "alphabetical"
          }
        }
      },
      {
        "id": "5545ade91d4c36f5",
        "type": "leaf",
        "state": {
          "type": "tag",
          "state": {
            "sortOrder": "frequency",
            "useHierarchy": true
          }
        }
      },
      {
        "id": "71a4f1ef681b9349",
        "type": "leaf",
        "state": {
          "type": "all-properties",
          "state": {
            "sortOrder": "frequency",
            "showSearch": false,
            "searchQuery": ""
          }
        }
      }
    ],
    "currentTab": 0
  },
  "right": {
    "id": "91f06c5ce0be8907",
    "type": "mobile-drawer",
    "children": [
      {
        "id": "3a97ee4ac185fa2e",
        "type": "leaf",
        "state": {
          "type": "backlink",
          "state": {
            "file": "Alf/Alf Quick Sheet.md",
            "collapseAll": false,
            "extraContext": false,
            "sortOrder": "alphabetical",
            "showSearch": false,
            "searchQuery": "",
            "backlinkCollapsed": false,
            "unlinkedCollapsed": false
          }
        }
      },
      {
        "id": "7194811df3484aed",
        "type": "leaf",
        "state": {
          "type": "advanced-tables-toolbar",
          "state": {}
        }
      },
      {
        "id": "308ae6513c02fc40",
        "type": "leaf",
        "state": {
          "type": "file-properties",
          "state": {
            "file": "Alf/Alf Quick Sheet.md"
          }
        }
      },
      {
        "id": "a17bd135a6b02dbc",
        "type": "leaf",
        "state": {
          "type": "DICE_ROLLER_VIEW",
          "state": {}
        }
      },
      {
        "id": "91242cea92bcfbcc",
        "type": "leaf",
        "state": {
          "type": "custom-frames-alf",
          "state": {}
        }
      }
    ],
    "currentTab": 4
  },
  "left-ribbon": {
    "hiddenItems": {
      "obsidian-custom-frames:Open Alf Center": false,
      "obsidian-kanban:Create new board": true,
      "markdown-table-editor:Open Markdown Table Editor": false,
      "modalforms:Edit forms": true,
      "templater-obsidian:Templater": false,
      "table-editor-obsidian:Advanced Tables Toolbar": true,
      "dbfolder:Create a new database table": true,
      "command-palette:Open command palette": false
    }
  },
  "active": "63ca22958006ebe7",
  "lastOpenFiles": [
    "Alf/Alf Quick Sheet.md",
    "Untitled.md",
    "Notes/Notes.md",
    "Alf/Plan.md",
    "Assets/RotSS/4 Class Archetypes/Patron The Ironwood (RotSS).md",
    "Scanned Document.pdf",
    "Scanned Document 2.pdf",
    "Assets/SRD/Character Options/Spells/level-1/Rings of the Wise.md",
    "Assets/SRD/Character Options/Spells/level-6/Fortune's Form.md",
    "Assets/SRD/Character Options/Spells/level-3/Bloodsharing.md",
    "Assets/SRD/Character Options/Spells/level-3/Winter’s Fur.md",
    "Assets/SRD/Character Options/Spells/level-3/Shield of Fury.md",
    "Assets/SRD/Character Options/Spells/level-4/Cry of the Wild.md",
    "Assets/SRD/Character Options/Spells/level-4/Risen.md",
    "Assets/SRD/Character Options/Spells/level-4/Spell Thief.md",
    "Assets/SRD/Character Options/Spells/level-5/Grim Battleground.md",
    "Assets/SRD/Character Options/Spells/level-2/Reveal.md",
    "Assets/SRD/Character Options/Spells/level-2/Arcane Evasion.md",
    "Assets/SRD/Character Options/Spells/level-2/Fair Play.md",
    "Alf/Alf Background & Features.md",
    "Alf/Alf Combat.md",
    "Alf",
    "Alf Sheet/Alf Quick Sheet.md",
    "Assets/SRD/Character Options/Spells/Tableviews.md",
    "Assets/RotSS/Contests /Thinkers Game.md",
    "Notes/9 June, 2024.md",
    "Notes/21 July, 2024.md",
    "Notes/Faluger.md",
    "Notes/27 May, 2024.md",
    "Assets/SRD/Playing the Game/Rules/Actions",
    "Assets/SRD/Playing the Game/Contests ",
    "Alf Sheet",
    "input-w-hp.css",
    "Assets/input-w-hp.css",
    "Assets/OtherReference/Template",
    "Assets/SRD/Playing the Game/Rules/Combat/Actions",
    "Assets/OtherReference/zz_assets/Restrained.png",
    "Assets/OtherReference/zz_assets/Petrified.png",
    "Assets/OtherReference/zz_assets/Abilities.png",
    "Assets/OtherReference/zz_assets/Sax.png",
    "Assets/OtherReference/zz_assets/Paralyzed.png",
    "Assets/OtherReference/zz_assets/Unconscious.png",
    "Assets/OtherReference/zz_assets/Skeggox.png",
    "Assets/OtherReference/zz_assets/Blinded.png",
    "Assets/OtherReference/zz_assets/Help.png",
    "Assets/OtherReference/zz_assets/Fear.png"
  ]
}